{
  "baseCenter": [35.715298, 51.404343],
  "baseZoom": 13,
  "baseHeight": "50vh"
}
